epoch,global_loss,test_loss
0,0.002882599048796098,0.0043778439388713905
