epoch,global_loss,test_loss
0,0.002882599048796098,0.0043778439388713905
1,0.002338277325112841,0.004157536673463053
2,0.0013568341535425802,0.002432433429122385
