epoch,global_loss,test_loss
0,0.0015045821354389625,0.0003041779198813149
1,9.030608308602477e-05,0.00015549928502878174
