epoch,global_loss,test_loss
0,0.0015045821354389625,0.0003041779198813149
